cid,contributor_employer_clean,emp_countWalmart,walmart,76Walmart,walmartcom,6Walmart,walmart stores,6Walmart,walmart pharmacy,3Walmart,walmartreal estate,3Walmart,walmarttruck driver,3Walmart,walmartstockersalesman,3Walmart,walmart distribution,2Walmart,walmartbutcher,2Walmart,walmartexecutive,2Walmart,walmart optical,1Walmart,walmart associatessales associate,1Walmart,walmart vision center,1Exxon Mobile,exxon mobile,22Exxon Mobile,exxon mobile chemical,2Exxon Mobile,exxon mobilerice u,1Exxon Mobile,exxon mobileaccountant,1Exxon Mobile,exxon mobile production,1Exxon Mobile,exxon mobile corpattorney,1Marathon Oil,marathon oil,112Marathon Oil,marathon oilexecutive,4Marathon Oil,marathon oil contractor,1Marathon Oil,marathon oil vp human resou,1Marathon Oil,marathon oil sr vp producti,1Marathon Oil,marathon oil sr vice pres f,1Marathon Oil,marathon oil vp information,1Marathon Oil,marathon oil cobusiness manager,1Marathon Oil,marathon oil manager treasu,1Marathon Oil,marathon oil vp global proc,1Marathon Oil,marathon oil vp nat gas c,1Apple,apple computer,218Apple,apple,35Apple,apple computers,12Apple,engineer,2Berkshire Hathaway,berkshire hathaway,12Berkshire Hathaway,,5Berkshire Hathaway,berkshire hathaway incchairman,1Berkshire Hathaway,berkshire hathaway credit corpinv,1Berkshire Hathaway,berkshire hathaway reinsurance,1Berkshire Hathaway,berkshire hathaway insurance,1Amazon,amazoncom,122Amazon,amazoncom holdings,40Amazon,amazon,9Amazon,software engineer,5Amazon,amazoncommanager,4Amazon,amazon com,3Amazon,amazoncomvp,3Amazon,amazoncomcomputer programmer,3Amazon,amazon foundation,3Amazon,amazoncomattorney,2Amazon,amazoncomexecutive,1Amazon,sr financial analyst,1Amazon,amazoncomlawyer,1Amazon,amazoncom incmanager,1Amazon,amazoncomprogram manager,1Amazon,amazoncomsoftware manager,1Amazon,amazoncompublic affairs,1Amazon,amazoncoukcomputer programmer,1Amazon,amazoncomself employed,1Amazon,amazoncomcopyeditor,1Amazon,amazoncomsales,1Amazon,amazon environmental,1Amazon,amazon dot com,1Boeing,boeing,1046Boeing,boeingengineer,20Boeing,boeing commercial airplane,9Boeing,boeing aircraft,9Boeing,boeing satellite systems,9Boeing,boeing credit union,8Boeing,boeingsvs,5Boeing,boeingpreschf operating offcr,5Boeing,boeing commercial airplanes,4Boeing,boeing svsengineer,4Boeing,boeing capital,3Boeing,boeing engineer,3Boeing,boeingadmin assist,3Boeing,continental airlines,2Boeing,boeing computer svcs,2Boeing,boeing space comm,2Boeing,boeingofficer,2Boeing,boeing coengineer,2Boeing,boeing attorney,2Boeing,boeing electrician,2Boeing,boeing services,2Boeing,boeing employees credit union,2Boeing,boeing director legisla,2Boeing,boeingaerospace engineer,2Boeing,boeing government relat,2Boeing,boeingcomputers,2Boeing,boeingattorney,2Boeing,boeing long beach,2Boeing,boeingsales,2Boeing,boeing cosoftware,2Boeing,boeingexecutive,2Boeing,boeingreimbursement manager,1Boeing,boeingfinancial management,1Boeing,manager,1Boeing,boeing satellite sys,1Boeing,boeing cocorp executive,1Boeing,boeingtool fabricator,1Boeing,boeing codirector of human re,1Boeing,boeingelectrical engineer,1Boeing,retiredboeing,1Boeing,boeing manager,1Boeing,boeinginstructor pilot,1Boeing,boeing software enginee,1Boeing,boeingbuyer,1Boeing,boeinggeneral counsel,1Boeing,boeing health,1Boeing,boeing mcdonald douglas,1Boeing,boeingaeorspace technician,1Boeing,boeingspectrolab,1Boeing,boeing corporate execut,1Boeing,boeingmarketing representitive,1Boeing,boeing engineering,1Boeing,boeing coattorney,1Boeing,boeing flight instructor,1Boeing,boeingpilot,1Boeing,boeing aerospace,1Boeing,boeing senior vice pres,1Boeing,boeing airplane,1Boeing,boeing accountability s,1Boeing,boeing commercial airplane gpengin,1Boeing,boeingpresident,1Boeing,boeingdata shipping,1Boeing,boeingtechnician,1Boeing,boeing cocomputer programmer,1Boeing,boeingscheduler,1Boeing,boeing commercial aps,1Boeing,boeing rocketdyne,1Boeing,boeing lb,1Boeing,boeingaerospace executive,1Boeing,engineer,1Boeing,boeingeng support analyst,1Boeing,retired from boeing,1Boeing,boeing north american,1Boeing,boeing political action committee,1Boeing,boeingtech writer,1Boeing,boeing helicopter,1Boeing,boeing fight test engin,1Boeing,boeingdiv dirproptryaeroprog,1Boeing,boeing defense space,1Boeing,employees fund of boeing,1Boeing,boeing realty,1Boeing,boeingrocketdyne,1Boeing,boeing incengineer,1Boeing,boeingaircraft mechanic,1Boeing,william b boeing jr,1Boeing,retired boeing,1Boeing,boeingoffice administrator,1Boeing,boeing company,1Boeing,boeing aerospace manager,1Boeing,boeing ids,1Boeing,boeing aerospace manage,1Boeing,boeing helicopters,1Boeing,boeing patent lawyer,1Boeing,boeing satellite systems incengin,1Boeing,boeingbusiness analyst,1Boeing,cbs boeing martine,1Boeing,boeing portland,1Boeing,boeing marketing direct,1Boeing,boeing commerical aircraft,1Boeing,boeingbricklayer,1Boeing,boeinginternet software developer,1Boeing,boeing satellite systemssystem eng,1Boeing,boeing arrowspace,1Boeing,boeingsoftware engineer,1Boeing,boeingsr test engineer,1Boeing,boeing 3,1Boeing,boeing coproject manager,1Boeing,boeingstudent employee bus drive,1Boeing,boeing swanson forrest,1Boeing,boeingmicroscopist chemist,1Boeing,pds contract labor for boeing,1Boeing,boeing space commvice president,1Home Depot,home depot,307Home Depot,home depotexecutive,3Home Depot,home depotmanager,2Home Depot,home depot suppl,2Home Depot,home depot retired,2Home Depot,a mobile home depot,1Home Depot,home depotprudential georgia,1Home Depot,home depotsenior vice president,1Home Depot,home depot better government,1Home Depot,home depotdepartment supervisor,1Home Depot,state of nmhome depot,1Home Depot,home depotsales,1Home Depot,home depotsenior manager,1Home Depot,mobile home depot,1Home Depot,home depot supply,1Ford Motor,ford motor,1346Ford Motor,alford motors,8Ford Motor,ford motors,7Ford Motor,ford motor credit,6Ford Motor,ford motor land,5Ford Motor,ford motor executive,5Ford Motor,ford motor coengineer,5Ford Motor,ford motor coauto worker,4Ford Motor,ford motorengineer,3Ford Motor,ford motor cowelder,3Ford Motor,ford motor retired,3Ford Motor,ford motor fund,3Ford Motor,muzi ford motors,3Ford Motor,ford motor vice president,3Ford Motor,ford motor finance,2Ford Motor,product design engineer ford motor,2Ford Motor,ford motor scientistengine,2Ford Motor,ford motor colawyer,2Ford Motor,ford motor coautomotive marketing,2Ford Motor,ford motor director health,2Ford Motor,ford motor land corpchairman of t,2Ford Motor,ford motor coelectrician,2Ford Motor,reuther ford motors,2Ford Motor,ford motor cofoundry maintenance,2Ford Motor,ford motor auto worker,2Ford Motor,mitch crawford motors,2Ford Motor,ford motorsengineer,2Ford Motor,troy ford motor,2Ford Motor,ford motor maintenance,1Ford Motor,ford motore,1Ford Motor,ford motor civic action fund,1Ford Motor,ford motorsretired mechanical engi,1Ford Motor,ford motor president ford,1Ford Motor,ford motor automotive division,1Ford Motor,ford motor governmental aff,1Ford Motor,green gifford motor,1Ford Motor,ford motor vice chairman,1Ford Motor,ford motor coassmebly line,1Ford Motor,ford motor land services,1Ford Motor,retiredford motor,1Ford Motor,product design engineerford motor,1Ford Motor,ford motor cofinance,1Ford Motor,ford motor comech engineer,1Ford Motor,ford motor president,1Ford Motor,ford motor tradesman,1Ford Motor,ford motor village ford,1Ford Motor,ladd hanford motors,1Ford Motor,ford motor lobbyist,1Ford Motor,ford motor commodity manage,1Ford Motor,ford motor plumber pipe fit,1Ford Motor,ford motor sales,1Ford Motor,ford motor codoctor,1Ford Motor,ford motor doctor,1Ford Motor,stamford motors,1Ford Motor,ford motorsretired,1Ford Motor,ford motor comany,1Ford Motor,ford motor general counsel,1Ford Motor,ford motor covice president,1Ford Motor,ford motor cofi floor,1Ford Motor,laddhanford motors,1Ford Motor,ford motor coutility assembly,1Ford Motor,ford motor coengineering supervis,1Ford Motor,ford motorslaborer,1Ford Motor,ford motor product design e,1Ford Motor,ford motor engineer,1Ford Motor,ford motor foundry maintena,1Ford Motor,ford motor mazda north america,1Ford Motor,woodford motor cocar dealer,1Ford Motor,ford motor assembly line wo,1Ford Motor,bickford motors,1Kroger,kroger,148Kroger,kroger pharmacy,5Kroger,,4Kroger,kroger food stores,4Kroger,kroger l379,4Kroger,kennedy kroger institutephysician,2Kroger,krogerproduce clerk,2Kroger,krogers,2Kroger,kennedy kroger institute,1Kroger,kroger gardis regas,1Kroger,formerly kroger,1Kroger,catharine krogerdiamond apc,1Kroger,kroger pharmacy 895,1Kroger,krogerpharmacist,1Kroger,krogerretail,1Kroger,kroger gardis regis,1Kroger,krogerassistant grocery manager,1Kroger,krogers pharmacy,1Kroger,krogers supermarkets,1Kroger,kroger food services,1Kroger,kroger grocery store,1Chevron,chevrontexaco,140Chevron,chevron,60Chevron,chevron texaco,49Chevron,chevron pipe line,15Chevron,chevron stations,9Chevron,chevron public affairs,8Chevron,chevron phillips chemical,8Chevron,chevron chemical,8Chevron,chevron products,7Chevron,chevron overseas petroleum,4Chevron,chevron phillips chem,3Chevron,chevron energy solutions,3Chevron,chevron phillips che,3Chevron,norco chevron,3Chevron,robs chevron,3Chevron,chevron information technology,3Chevron,chevron trading post,3Chevron,west florida avenue chevron,3Chevron,chevron usa,2Chevron,selfemployed,2Chevron,tonys chevron,2Chevron,chevron chemical copresident,2Chevron,west chevron,2Chevron,chevron oil,2Chevron,chevron corpmanager,2Chevron,chevron production,2Chevron,chevron texaco cu,2Chevron,chevron gulfport ms,2Chevron,chevron valley credit union,2Chevron,subcontractor to chevrontexaco,2Chevron,chevron texaco overs,2Chevron,chevron texas,2Chevron,chevronexecutive,2Chevron,chevron industries,1Chevron,chevron energy solutions lpbusines,1Chevron,beltway chevron,1Chevron,tom dorsey chevron,1Chevron,chevron u s a product,1Chevron,dana point chevron,1Chevron,chevron texacoengineer,1Chevron,fast lane chevron,1Chevron,chevron overseas petroleum div,1Chevron,tera chevron,1Chevron,all days chevron,1Chevron,chevrontechncian,1Chevron,chevron services,1Chevron,chevron retailer,1Chevron,pm coal chevrontexaco,1Chevron,chevron aldine i s d,1Chevron,chevron texaco corppetroleum engi,1Chevron,chevron research technology,1Chevron,chevron shipping,1Chevron,chevronsenior vice president,1Chevron,chevron stationowner,1Chevron,chevronmanager,1Chevron,chevron phillips chemical l,1Chevron,chevronpublic affairs dept,1Chevron,chevron envir mgmt,1Chevron,7 eleven chevron,1Chevron,chevron productssales promotions,1Chevron,chevron products terminal e,1Chevron,chevron texaco alam,1Chevron,chevron training consul,1Chevron,westside chevron,1Chevron,chevron texaco global tradingdirec,1Chevron,on broadway chevron,1Chevron,self employed,1Chevron,chevron station,1Chevron,salem chevron burger king,1Chevron,farleys chevron,1Chevron,chevron trading post bead,1Chevron,kokos island chevron,1Chevron,airport chevron,1Chevron,richards chevron,1Chevron,chevron gas station,1Chevron,chevron overseas pet,1Chevron,chevron corpsystems analyst,1Chevron,jubber chevron usadistributor,1Chevron,chevron trading postbead,1Morgan Chase,jp morgan chase,346Morgan Chase,jpmorgan chase bankvice chairman,124Morgan Chase,jpmorgan chase bankmanaging direct,81Morgan Chase,jpmorgan chase,52Morgan Chase,jpmorgan chase bank,49Morgan Chase,jpmorgan chase bankchairman ce,39Morgan Chase,jpmorgan chase bankevpcfo,35Morgan Chase,j p morgan chase,29Morgan Chase,jpmorgan chase bankgeneral counsel,29Morgan Chase,jp morgan chase bank,28Morgan Chase,jpmorgan chase bankvp,12Morgan Chase,jpmorgan chase bankevp,7Morgan Chase,jpmorgan chase comanaging direc,7Morgan Chase,j p morgan chase bank,6Morgan Chase,jpmorgan chase banksvp,5Morgan Chase,jmorgan chase,2Morgan Chase,jpmorgan chase pank,2Morgan Chase,ip morgan chase,1Morgan Chase,tp morgan chase,1Morgan Chase,jb morgan chasebanker,1Morgan Chase,j morgan chase bank,1Morgan Chase,j p morgan chase banker,1Morgan Chase,jp morgan chase bankcfo,1Morgan Chase,jw morgan chase,1Morgan Chase,jpmorgan chasebank one,1Morgan Chase,jp morgan chasebanker,1Morgan Chase,jp morgan chase securitiesvice cha,1Morgan Chase,morgan chase,1Morgan Chase,career management consultant,1Morgan Chase,jp morgan chase securitiesassociat,1Morgan Chase,bastec consultantsjp morgan chase,1Morgan Chase,jp morgan chaseanalyst,1Morgan Chase,wall street services,1Wells Fargo,wells fargo,556Wells Fargo,wells fargo bank,262Wells Fargo,wells fargo home mortgage,100Wells Fargo,wells fargo financial,99Wells Fargo,wells fargo bank na,14Wells Fargo,wells fargo financial acceptance,10Wells Fargo,wells fargobanker,8Wells Fargo,wells fargo securities,7Wells Fargo,wells fargo bankbanker,6Wells Fargo,wells fargo mortgage,5Wells Fargo,wells fargo services,4Wells Fargo,wells fargo equipment finance,4Wells Fargo,wells fargo foothill,4Wells Fargo,wells fargoinformation systems aud,4Wells Fargo,wells fargo financial resources,4Wells Fargo,wells fargo financial acceptan,3Wells Fargo,wells fargo brokerage services,3Wells Fargo,wells fargo home mort,3Wells Fargo,wells fargo banksenior vice presid,3Wells Fargo,wells fargo banks,2Wells Fargo,wells fargo bankceo,2Wells Fargo,wells fargo executive vic,2Wells Fargo,wells fargosenior vice president,2Wells Fargo,wells fargo bank texas na,2Wells Fargo,wells fargo investments,2Wells Fargo,wells fargo financial leasing,2Wells Fargo,wells fargo banklubbock,2Wells Fargo,wells fargo financia,2Wells Fargo,formerly wells fargo bank,2Wells Fargo,wells fargo bankexecutive,2Wells Fargo,wells fargo bank texas,2Wells Fargo,wells fargo sba lending,2Wells Fargo,wells fargotelecom manager,1Wells Fargo,wells fargo education fin svcs,1Wells Fargo,wells fargobank officer,1Wells Fargo,norwestwells fargo bankchairman,1Wells Fargo,wells fargo card services,1Wells Fargo,wells fargo private client srv,1Wells Fargo,wells fargo business credit,1Wells Fargo,wells fargo bank wabash indiana,1Wells Fargo,sr vice president,1Wells Fargo,wells fargo bank nevada,1Wells Fargo,wells fargomortgage banker,1Wells Fargo,wells fargo home mortgagearea mana,1Wells Fargo,wells fargo homw mortgage,1Wells Fargo,wells fargo bankwest coast operati,1Wells Fargo,wells fargo education financial svc,1Wells Fargo,wells fargo financial preferred cap,1Wells Fargo,wells fargosystems analystprogram,1Wells Fargo,wells fargo nikko,1Wells Fargo,wells fargobanking,1Wells Fargo,wells fargo home morgtage,1Wells Fargo,wells fargo institutional inve,1Wells Fargo,wells fargo home mortgage in,1Wells Fargo,wells fargo cofinancial advisor,1Wells Fargo,wells fargoceo,1Wells Fargo,acordia wells fargo,1Wells Fargo,wells fargo bankl d consultant,1Wells Fargo,wells fargoinvestments,1Wells Fargo,wells fargocurrency trader,1Wells Fargo,wells fargo bankbank vice presiden,1Wells Fargo,wells fargosales,1Wells Fargo,wells fargo sercurities,1Wells Fargo,wells fargo brokelage svcs,1Wells Fargo,wells fargo home morgage,1Wells Fargo,wells fargo financial bank,1Wells Fargo,wells fargo bankinformation system,1Wells Fargo,wells fargomanager,1Wells Fargo,wells fargoexecutive,1Wells Fargo,wells fargo rps,1Wells Fargo,wells fargo cawpama,1Wells Fargo,wells fargo hour mortgage,1Wells Fargo,wells fargoinsurance claims,1Wells Fargo,wells fargo funding,1Wells Fargo,norwestwells fargo,1Wells Fargo,wells fargo financial retail servic,1Wells Fargo,wells fargo home martgage,1Wells Fargo,wells fargo fin leasing,1Wells Fargo,wells fargo nikko investment advisors,1Wells Fargo,wells fargovice president,1Wells Fargo,wells fargo bank hsbc,1Wells Fargo,wells fargo banker,1Wells Fargo,wells fargo hsbc trade bank,1Wells Fargo,wells fargo servicesbank,1Wells Fargo,wells fargo banksystems analyst,1Wells Fargo,wells fargo homes mtg,1Wells Fargo,wells fargo financial consumer auto,1Wells Fargo,wells fargo ins,1Wells Fargo,acordia a wells fargo,1Wells Fargo,northwestwells fargo,1