rank,company,alias,cid,anti_alias1,Walmart,Wal-mart|Walmart.com|Wal-mart.com,Walmart,2,Berkshire Hathaway,Berkshire Hathaway,Berkshire Hathaway,3,Apple,Apple,Apple,"""|apple oak|apple cor|apple bank|apple tree|apple farmer|apple physical|apple auto|apple reit|apple valley|apple hill|apple river|apple bay|apple mountain|apple marine|apple shamrock|apple plumb|apple dessert|apple mart|apple savings|apple thera|apple gold|apple metro|apple ford|apple chevrolet|apple honda|apple king|apple grower|apple picker|apple patch|apple rehab|apple sauce|apple seeds|apple grove|apple vine|apple deniture|apple bank|apple federal|apple fcu|apple realty|apple oil|apple one|apple creek|apple barn|apple health|apple roof|apple blossom|apple jack|apple dental|apple country|apple orchard|apple a |apple farm|apple corrugated|apple canyon|apple lumber|apple vaca|apple spice|apple orthodontix|apple house|apple brook|apple exterminat|apple manor|apple basket|apple fund|apple hospitality|apple daily|apple dentu|apple mortgage|apple montes|apple chrysler|apple dodge|apple real estate|apple spring|apple apprais|apple america|apple eve|apple rubber|apple chem|apple koceja|apple transp|apple bus|apple leisure|apple by |apple care med|apple med|apple honen|apple gilroy|apple construct|apple mason|apple electric|apple annies|apple cherry|apple dentist|apple discount drug|"""4,Exxon Mobil,ExxonMobil|Exxon,Exxon Mobil,5,McKesson,McKesson,McKesson,6,UnitedHealth Group,UnitedHealth,UnitedHealth Group,7,CVS Health,CVS,CVS Health,8,General Motors,General Motors,General Motors,9,AT&T,ATT,AT&T,"""|att at law|"""10,Ford Motor,Ford,Ford Motor,"""|ford foundation|"""11,AmerisourceBergen,AmerisourceBergen,AmerisourceBergen,12,Amazon.com,Amazon,Amazon.com,13,General Electric,General Electric|GE,General Electric,14,Verizon Communications,Verizon,Verizon Communications,15,Cardinal Health,Cardinal Health,Cardinal Health,16,Costco,Costco,Costco,17,Walgreens Boots Alliance,Walgreens,Walgreens Boots Alliance,18,Kroger,Kroger,Kroger,19,Chevron,Chevron,Chevron,20,Fannie Mae,Fannie Mae,Fannie Mae,21,J.P. Morgan Chase,J.P. Morgan|JP Morgan|JPMorgan|Morgan Chase,J.P. Morgan Chase,22,Express Scripts Holding,Express Scripts Holding|Express Scripts|Express-Scripts|ExpressScripts|Accredo|Curascript|Inside Rx|United BioSource,Express Scripts Holding,23,Home Depot,Home Depot,Home Depot,24,Boeing,Boeing,Boeing,25,Wells Fargo,Wells Fargo,Wells Fargo,26,Bank of America Corp.,Bank of America,Bank of America Corp.,27,Alphabet,Google,Alphabet,28,Microsoft,Microsoft,Microsoft,29,Anthem,Anthem,Anthem,30,Citigroup,Citigroup|Citibank|Citimortgage|Citi Securities,Citigroup,31,Comcast,Comcast,Comcast,32,IBM,IBM,IBM,33,State Farm Insurance Cos.,State Farm,State Farm Insurance Cos.,"""|State of|"""34,Phillips 66,Phillips 66,Phillips 66,35,Johnson & Johnson,Johnson&Johnson|Johnson Johnson,Johnson & Johnson,36,Procter & Gamble,Procter&Gamble|ProcterGamble,Procter & Gamble,37,Valero Energy,Valero Energy,Valero Energy,38,Target,Target,Target,39,Freddie Mac,Freddie Mac,Freddie Mac,40,Lowe's,Lowes,Lowe's,41,Dell Technologies,Dell,Dell Technologies,42,MetLife,MetLife,MetLife,43,Aetna,Aetna,Aetna,44,PepsiCo,Pepsi,PepsiCo,45,Archer Daniels Midland,Archer Daniels Midland,Archer Daniels Midland,46,UPS,United Parcel Service,UPS,47,Intel,Intel,Intel,48,Prudential Financial,Prudential Financial,Prudential Financial,49,Albertsons Cos.,Albertsons,Albertsons Cos.,50,United Technologies,United Technologies,United Technologies,51,Marathon Petroleum,Marathon Petroleum|Marathon Oil,Marathon Petroleum,52,Disney,Disney,Disney,53,Humana,Humana,Humana,54,Pfizer,Pfizer,Pfizer,55,AIG,AIG,AIG,56,Lockheed Martin,Lockheed Martin,Lockheed Martin,57,Sysco,Sysco,Sysco,58,FedEx,FedEx,FedEx,59,Hewlett Packard Enterprise,Hewlett Packard Enterprise,Hewlett Packard Enterprise,60,Cisco Systems,Cisco,Cisco Systems,61,HP,HP,HP,62,Dow Chemical,Dow Chemical,Dow Chemical,63,HCA Holdings,HCA Holdings|Hospital Corporation of America|Hospital Corporation America|HCA Health|HCA Healthcare,HCA Holdings,64,Coca-Cola,CocaCola|Coca Cola,Coca-Cola,65,New York Life Insurance,New York Life Insurance,New York Life Insurance,66,Centene,Centene,Centene,67,American Airlines Group,American Airlines Group|American Airlines|American Air,American Airlines Group,68,Nationwide,Nationwide,Nationwide,69,Merck,Merck,Merck,70,Cigna,Cigna,Cigna,71,Delta Air Lines,Delta Air Lines|Delta Airlines|Delta Air,Delta Air Lines,72,Best Buy,Best Buy,Best Buy,73,Honeywell International,Honeywell International,Honeywell International,74,Caterpillar,Caterpillar,Caterpillar,75,Liberty Mutual Insurance Group,Liberty Mutual Insurance Group|Liberty Mutual|Liberty Mutual Insurance,Liberty Mutual Insurance Group,76,Morgan Stanley,Morgan Stanley,Morgan Stanley,77,Massachusetts Mutual Life Insurance,Massachusetts Mutual Life Insurance,Massachusetts Mutual Life Insurance,78,Goldman Sachs Group,Goldman Sachs|Goldman Sach,Goldman Sachs Group,79,Energy Transfer Equity,Energy Transfer Equity|ETE|Energy Transfer Group|Energy Transfer Partners|Energy Transfer LNG|ETE Services|Sunoco|Titan Energy|Vantex Gas,Energy Transfer Equity,80,TIAA,TIAA,TIAA,81,Oracle,Oracle,Oracle,82,Tyson Foods,Tyson Foods,Tyson Foods,83,United Continental Holdings,United Continental|United Airlines|United Air|United Express|Cape Air|CommutAir|ExpressJet Airlines|ExpressJet|GoJet Airlines|GoJet|Mesa Airlines|Republic Airline|SkyWest Airlines|Trans States Airlines,United Continental Holdings,84,Allstate,Allstate,Allstate,85,Publix Super Markets,Publix|Publix Super Market|Publix Supermarket,Publix Super Markets,86,American Express,American Express|AMEX,American Express,87,TJX,TJX,TJX,88,Nike,Nike,Nike,89,Exelon,Exelon,Exelon,90,General Dynamics,General Dynamics,General Dynamics,91,Rite Aid,Rite Aid,Rite Aid,92,Gilead Sciences,Gilead Sciences,Gilead Sciences,93,CHS,CHS|Community Health Systems,CHS,94,3M,3M,3M,95,Time Warner,Time Warner,Time Warner,96,Charter Communications,Charter Communications,Charter Communications,97,Northwestern Mutual,Northwestern Mutual,Northwestern Mutual,98,Facebook,Facebook,Facebook,99,Travelers Cos.,Travelers Cos.|The Travelers Company|The Travelers Companies|Travelers Companies|Travelers|Travelers Ins,Travelers Cos.,100,Capital One Financial,Capital One,Capital One Financial,101,Twenty-First Century Fox,Twenty-First Century|TwentyFirst Century Fox|Twenty First Century,Twenty-First Century Fox,102,USAA,United Services Automobile Asn|United Services Automobile Association,USAA,103,World Fuel Services,World Fuel Services,World Fuel Services,104,Philip Morris International,Philip Morris,Philip Morris International,105,Deere,John Deere,Deere,106,Kraft Heinz,Kraft Heinz|Kraft|Heinze,Kraft Heinz,107,Tech Data,Tech Data,Tech Data,108,Avnet,Avnet,Avnet,109,Mondelez International,Mondelez International,Mondelez International,110,Macy's,Macys,Macy's,111,AbbVie,AbbVie,AbbVie,112,McDonald's,McDonalds,McDonald's,113,DuPont,DuPont,DuPont,114,Northrop Grumman,Northrop Grumman,Northrop Grumman,115,ConocoPhillips,ConocoPhillips,ConocoPhillips,116,Raytheon,Raytheon,Raytheon,117,Andeavor,Andeavor,Andeavor,118,Arrow Electronics,Arrow Electronics,Arrow Electronics,119,Qualcomm,Qualcomm,Qualcomm,120,Progressive,Progressive,Progressive,121,Duke Energy,Duke Energy,Duke Energy,122,Enterprise Products Partners,Enterprise Products Partners,Enterprise Products Partners,123,Amgen,Amgen,Amgen,124,US Foods Holding,US Foods Holding,US Foods Holding,125,U.S. Bancorp,U.S. Bancorp,U.S. Bancorp,126,Aflac,Aflac,Aflac,127,Sears Holdings,Sears Holdings,Sears Holdings,128,Dollar General,Dollar General,Dollar General,129,AutoNation,AutoNation,AutoNation,130,Community Health Systems,Community Health Systems,Community Health Systems,131,Starbucks,Starbucks,Starbucks,132,Eli Lilly,Eli Lilly,Eli Lilly,133,International Paper,International Paper,International Paper,134,Tenet Healthcare,Tenet Healthcare,Tenet Healthcare,135,Abbott Laboratories,Abbott Laboratories,Abbott Laboratories,136,Dollar Tree,Dollar Tree,Dollar Tree,137,Whirlpool,Whirlpool,Whirlpool,138,Southwest Airlines,Southwest Airlines,Southwest Airlines,139,Emerson Electric,Emerson Electric,Emerson Electric,140,Staples,Staples,Staples,141,Plains GP Holdings,Plains GP Holdings,Plains GP Holdings,142,Penske Automotive Group,Penske Automotive Group,Penske Automotive Group,143,Union Pacific,Union Pacific,Union Pacific,144,Danaher,Danaher,Danaher,145,Southern,Southern,Southern,146,ManpowerGroup,ManpowerGroup,ManpowerGroup,147,Bristol-Myers Squibb,Bristol-Myers Squibb,Bristol-Myers Squibb,148,Altria Group,Altria Group,Altria Group,149,Fluor,Fluor,Fluor,150,Kohl's,Kohl's,Kohl's,151,Lear,Lear,Lear,152,Jabil,Jabil,Jabil,153,Hartford Financial Services Group,Hartford Financial Services Group,Hartford Financial Services Group,154,Thermo Fisher Scientific,Thermo Fisher Scientific,Thermo Fisher Scientific,155,Kimberly-Clark,Kimberly-Clark,Kimberly-Clark,156,Molina Healthcare,Molina Healthcare,Molina Healthcare,157,PG&E Corp.,PG&E Corp.,PG&E Corp.,158,Supervalu,Supervalu,Supervalu,159,Cummins,Cummins,Cummins,160,CenturyLink,CenturyLink,CenturyLink,161,AECOM,AECOM,AECOM,162,Xerox,Xerox,Xerox,163,Marriott International,Marriott International,Marriott International,164,Paccar,Paccar,Paccar,165,General Mills,General Mills,General Mills,166,PNC Financial Services Group,PNC Financial Services Group,PNC Financial Services Group,167,American Electric Power,American Electric Power,American Electric Power,168,Icahn Enterprises,Icahn Enterprises,Icahn Enterprises,169,Nucor,Nucor,Nucor,170,NextEra Energy,NextEra Energy,NextEra Energy,171,Performance Food Group,Performance Food Group,Performance Food Group,172,PBF Energy,PBF Energy,PBF Energy,173,Halliburton,Halliburton,Halliburton,174,CarMax,CarMax,CarMax,175,Freeport-McMoRan,Freeport-McMoRan,Freeport-McMoRan,176,Whole Foods Market,Whole Foods Market,Whole Foods Market,177,Bank of New York Mellon,Bank of New York Mellon,Bank of New York Mellon,178,Gap,Gap,Gap,179,Omnicom Group,Omnicom Group,Omnicom Group,180,Genuine Parts,Genuine Parts,Genuine Parts,181,DaVita,DaVita,DaVita,182,Colgate-Palmolive,Colgate-Palmolive,Colgate-Palmolive,183,PPG Industries,PPG Industries,PPG Industries,184,Goodyear Tire & Rubber,Goodyear Tire & Rubber,Goodyear Tire & Rubber,185,Synchrony Financial,Synchrony Financial,Synchrony Financial,186,DISH Network,DISH Network,DISH Network,187,Visa,Visa,Visa,188,Nordstrom,Nordstrom,Nordstrom,189,INTL FCStone,INTL FCStone,INTL FCStone,190,WestRock,WestRock,WestRock,191,XPO Logistics,XPO Logistics,XPO Logistics,192,Aramark,Aramark,Aramark,193,CBS,CBS,CBS,194,AES,AES,AES,195,WellCare Health Plans,WellCare Health Plans,WellCare Health Plans,196,FirstEnergy,FirstEnergy,FirstEnergy,197,Conagra Brands,Conagra Brands,Conagra Brands,198,Synnex,Synnex,Synnex,199,CDW,CDW,CDW,200,Textron,Textron,Textron,201,Waste Management,Waste Management,Waste Management,202,Illinois Tool Works,Illinois Tool Works,Illinois Tool Works,203,Office Depot,Office Depot,Office Depot,204,Monsanto,Monsanto,Monsanto,205,Cognizant Technology Solutions,Cognizant Technology Solutions,Cognizant Technology Solutions,206,Texas Instruments,Texas Instruments,Texas Instruments,207,Lincoln National,Lincoln National,Lincoln National,208,Newell Brands,Newell Brands,Newell Brands,209,Land O'Lakes,Land O'Lakes,Land O'Lakes,210,Marsh & McLennan,Marsh & McLennan,Marsh & McLennan,211,Ecolab,Ecolab,Ecolab,212,C.H. Robinson Worldwide,C.H. Robinson Worldwide,C.H. Robinson Worldwide,213,Loews,Loews,Loews,214,CBRE Group,CBRE Group,CBRE Group,215,Kinder Morgan,Kinder Morgan,Kinder Morgan,216,Kellogg,Kellogg,Kellogg,217,Western Digital,Western Digital,Western Digital,218,Guardian Life Ins. Co. of America,Guardian Life Ins. Co. of America,Guardian Life Ins. Co. of America,219,Ross Stores,Ross Stores,Ross Stores,220,L Brands,L Brands,L Brands,221,J.C. Penney,J.C. Penney,J.C. Penney,222,Farmers Insurance Exchange,Farmers Insurance Exchange,Farmers Insurance Exchange,223,Reynolds American,Reynolds American,Reynolds American,224,Viacom,Viacom,Viacom,225,Becton Dickinson,Becton Dickinson,Becton Dickinson,226,Micron Technology,Micron Technology,Micron Technology,227,Principal Financial,Principal Financial,Principal Financial,228,Arconic,Arconic,Arconic,229,NRG Energy,NRG Energy,NRG Energy,230,VF,VF,VF,231,Devon Energy,Devon Energy,Devon Energy,232,D.R. Horton,D.R. Horton,D.R. Horton,233,Bed Bath & Beyond,Bed Bath & Beyond,Bed Bath & Beyond,234,Consolidated Edison,Consolidated Edison,Consolidated Edison,235,Edison International,Edison International,Edison International,236,Sherwin-Williams,Sherwin-Williams,Sherwin-Williams,237,NGL Energy Partners,NGL Energy Partners,NGL Energy Partners,238,Dominion Energy,Dominion Energy,Dominion Energy,239,Ameriprise Financial,Ameriprise Financial,Ameriprise Financial,240,ADP,ADP,ADP,241,Hilton Worldwide Holdings,Hilton Worldwide Holdings,Hilton Worldwide Holdings,242,First Data,First Data,First Data,243,Henry Schein,Henry Schein,Henry Schein,244,Toys 'R' Us,Toys 'R' Us,Toys 'R' Us,245,BB&T Corp.,BB&T Corp.,BB&T Corp.,246,Reinsurance Group of America,Reinsurance Group of America,Reinsurance Group of America,247,Core-Mark Holding,Core-Mark Holding,Core-Mark Holding,248,Biogen,Biogen,Biogen,249,Las Vegas Sands,Las Vegas Sands,Las Vegas Sands,250,Stanley Black & Decker,Stanley Black & Decker,Stanley Black & Decker,251,Parker-Hannifin,Parker-Hannifin,Parker-Hannifin,252,Stryker,Stryker,Stryker,253,Estee Lauder,Estee Lauder,Estee Lauder,254,Celgene,Celgene,Celgene,255,BlackRock,BlackRock,BlackRock,256,Xcel Energy,Xcel Energy,Xcel Energy,257,CSX,CSX,CSX,258,Unum Group,Unum Group,Unum Group,259,Jacobs Engineering Group,Jacobs Engineering Group,Jacobs Engineering Group,260,Lennar,Lennar,Lennar,261,Group 1 Automotive,Group 1 Automotive,Group 1 Automotive,262,Leucadia National,Leucadia National,Leucadia National,263,Entergy,Entergy,Entergy,264,PayPal Holdings,PayPal Holdings,PayPal Holdings,265,Applied Materials,Applied Materials,Applied Materials,266,Voya Financial,Voya Financial,Voya Financial,267,Mastercard,Mastercard,Mastercard,268,Priceline Group,Priceline Group,Priceline Group,269,Liberty Interactive,Liberty Interactive,Liberty Interactive,270,AutoZone,AutoZone,AutoZone,271,State Street Corp.,State Street Corp.,State Street Corp.,272,DTE Energy,DTE Energy,DTE Energy,273,L3 Technologies,L3 Technologies,L3 Technologies,274,HollyFrontier,HollyFrontier,HollyFrontier,275,Praxair,Praxair,Praxair,276,Universal Health Services,Universal Health Services,Universal Health Services,277,Discover Financial Services,Discover Financial Services,Discover Financial Services,278,Occidental Petroleum,Occidental Petroleum,Occidental Petroleum,279,United States Steel,United States Steel,United States Steel,280,Sempra Energy,Sempra Energy,Sempra Energy,281,Baxter International,Baxter International,Baxter International,282,W.W. Grainger,W.W. Grainger,W.W. Grainger,283,Autoliv,Autoliv,Autoliv,284,Norfolk Southern,Norfolk Southern,Norfolk Southern,285,Baker Hughes,Baker Hughes,Baker Hughes,286,Ally Financial,Ally Financial,Ally Financial,287,Sonic Automotive,Sonic Automotive,Sonic Automotive,288,Owens & Minor,Owens & Minor,Owens & Minor,289,Huntsman,Huntsman,Huntsman,290,Laboratory Corp. of America,Laboratory Corp. of America,Laboratory Corp. of America,291,Murphy USA,Murphy USA,Murphy USA,292,Advance Auto Parts,Advance Auto Parts,Advance Auto Parts,293,Fidelity National Financial,Fidelity National Financial,Fidelity National Financial,294,Air Products & Chemicals,Air Products & Chemicals,Air Products & Chemicals,295,Hormel Foods,Hormel Foods,Hormel Foods,296,Hertz Global Holdings,Hertz Global Holdings,Hertz Global Holdings,297,MGM Resorts International,MGM Resorts International,MGM Resorts International,298,Corning,Corning,Corning,299,Republic Services,Republic Services,Republic Services,300,Alcoa,Alcoa,Alcoa,301,Fidelity National Information Services,Fidelity National Information Services,Fidelity National Information Services,302,Pacific Life,Pacific Life,Pacific Life,303,SunTrust Banks,SunTrust Banks,SunTrust Banks,304,LKQ,LKQ,LKQ,305,BorgWarner,BorgWarner,BorgWarner,306,Ball,Ball,Ball,307,CST Brands,CST Brands,CST Brands,308,Public Service Enterprise Group,Public Service Enterprise Group,Public Service Enterprise Group,309,Eastman Chemical,Eastman Chemical,Eastman Chemical,310,eBay,eBay,eBay,311,Mohawk Industries,Mohawk Industries,Mohawk Industries,312,Oneok,Oneok,Oneok,313,Frontier Communications,Frontier Communications,Frontier Communications,314,Netflix,Netflix,Netflix,315,American Family Insurance Group,American Family Insurance Group,American Family Insurance Group,316,Thrivent Financial for Lutherans,Thrivent Financial for Lutherans,Thrivent Financial for Lutherans,317,Expedia,Expedia,Expedia,318,Lithia Motors,Lithia Motors,Lithia Motors,319,Avis Budget Group,Avis Budget Group,Avis Budget Group,320,Reliance Steel & Aluminum,Reliance Steel & Aluminum,Reliance Steel & Aluminum,321,GameStop,GameStop,GameStop,322,Tenneco,Tenneco,Tenneco,323,O'Reilly Automotive,O'Reilly Automotive,O'Reilly Automotive,324,Peter Kiewit Sons',Peter Kiewit Sons',Peter Kiewit Sons',325,United Natural Foods,United Natural Foods,United Natural Foods,326,salesforce.com,salesforce.com,salesforce.com,327,Boston Scientific,Boston Scientific,Boston Scientific,328,Newmont Mining,Newmont Mining,Newmont Mining,329,Genworth Financial,Genworth Financial,Genworth Financial,330,Live Nation Entertainment,Live Nation Entertainment,Live Nation Entertainment,331,Veritiv,Veritiv,Veritiv,332,News Corp.,News Corp.,News Corp.,333,Crown Holdings,Crown Holdings,Crown Holdings,334,Global Partners,Global Partners,Global Partners,335,PVH,PVH,PVH,336,Level 3 Communications,Level 3 Communications,Level 3 Communications,337,Navistar International,Navistar International,Navistar International,338,Univar,Univar,Univar,339,Campbell Soup,Campbell Soup,Campbell Soup,340,Dick's Sporting Goods,Dick's Sporting Goods,Dick's Sporting Goods,341,Weyerhaeuser,Weyerhaeuser,Weyerhaeuser,342,Mutual of Omaha Insurance,Mutual of Omaha Insurance,Mutual of Omaha Insurance,343,Chesapeake Energy,Chesapeake Energy,Chesapeake Energy,344,Anadarko Petroleum,Anadarko Petroleum,Anadarko Petroleum,345,Interpublic Group,Interpublic Group,Interpublic Group,346,J.M. Smucker,J.M. Smucker,J.M. Smucker,347,Steel Dynamics,Steel Dynamics,Steel Dynamics,348,Foot Locker,Foot Locker,Foot Locker,349,Western Refining,Western Refining,Western Refining,350,SpartanNash,SpartanNash,SpartanNash,351,Dean Foods,Dean Foods,Dean Foods,352,Zimmer Biomet Holdings,Zimmer Biomet Holdings,Zimmer Biomet Holdings,353,PulteGroup,PulteGroup,PulteGroup,354,W.R. Berkley,W.R. Berkley,W.R. Berkley,355,Quanta Services,Quanta Services,Quanta Services,356,EOG Resources,EOG Resources,EOG Resources,357,Charles Schwab,Charles Schwab,Charles Schwab,358,Eversource Energy,Eversource Energy,Eversource Energy,359,Anixter International,Anixter International,Anixter International,360,EMCOR Group,EMCOR Group,EMCOR Group,361,Assurant,Assurant,Assurant,362,CenterPoint Energy,CenterPoint Energy,CenterPoint Energy,363,Harris,Harris,Harris,364,HD Supply Holdings,HD Supply Holdings,HD Supply Holdings,365,PPL,PPL,PPL,366,Quest Diagnostics,Quest Diagnostics,Quest Diagnostics,367,Williams,Williams,Williams,368,WEC Energy Group,WEC Energy Group,WEC Energy Group,369,Hershey,Hershey,Hershey,370,AGCO,AGCO,AGCO,371,Ralph Lauren,Ralph Lauren,Ralph Lauren,372,Masco,Masco,Masco,373,WESCO International,WESCO International,WESCO International,374,LifePoint Health,LifePoint Health,LifePoint Health,375,National Oilwell Varco,National Oilwell Varco,National Oilwell Varco,376,Kindred Healthcare,Kindred Healthcare,Kindred Healthcare,377,Mosaic,Mosaic,Mosaic,378,Alliance Data Systems,Alliance Data Systems,Alliance Data Systems,379,Computer Sciences,Computer Sciences,Computer Sciences,380,Huntington Ingalls Industries,Huntington Ingalls Industries,Huntington Ingalls Industries,381,Leidos Holdings,Leidos Holdings,Leidos Holdings,382,Erie Insurance Group,Erie Insurance Group,Erie Insurance Group,383,Tesla,Tesla,Tesla,384,Ascena Retail Group,Ascena Retail Group,Ascena Retail Group,385,Darden Restaurants,Darden Restaurants,Darden Restaurants,386,Harman International Industries,Harman International Industries,Harman International Industries,387,Nvidia,Nvidia,Nvidia,388,R.R. Donnelley & Sons,R.R. Donnelley & Sons,R.R. Donnelley & Sons,389,Fifth Third Bancorp,Fifth Third Bancorp,Fifth Third Bancorp,390,Quintiles IMS Holdings,Quintiles IMS Holdings,Quintiles IMS Holdings,391,Jones Lang LaSalle,Jones Lang LaSalle,Jones Lang LaSalle,392,Dover,Dover,Dover,393,Spirit AeroSystems Holdings,Spirit AeroSystems Holdings,Spirit AeroSystems Holdings,394,Ryder System,Ryder System,Ryder System,395,A-Mark Precious Metals,A-Mark Precious Metals,A-Mark Precious Metals,396,Tractor Supply,Tractor Supply,Tractor Supply,397,Sealed Air,Sealed Air,Sealed Air,398,Auto-Owners Insurance,Auto-Owners Insurance,Auto-Owners Insurance,399,Yum China Holdings,Yum China Holdings,Yum China Holdings,400,Calpine,Calpine,Calpine,401,Owens-Illinois,Owens-Illinois,Owens-Illinois,402,Targa Resources,Targa Resources,Targa Resources,403,JetBlue Airways,JetBlue Airways,JetBlue Airways,404,Jones Financial (Edward Jones),Jones Financial (Edward Jones),Jones Financial (Edward Jones),405,Franklin Resources,Franklin Resources,Franklin Resources,406,Activision Blizzard,Activision Blizzard,Activision Blizzard,407,J.B. Hunt Transport Services,J.B. Hunt Transport Services,J.B. Hunt Transport Services,408,Constellation Brands,Constellation Brands,Constellation Brands,409,NCR,NCR,NCR,410,Asbury Automotive Group,Asbury Automotive Group,Asbury Automotive Group,411,American Financial Group,American Financial Group,American Financial Group,412,Discovery Communications,Discovery Communications,Discovery Communications,413,Berry Global Group,Berry Global Group,Berry Global Group,414,Sanmina,Sanmina,Sanmina,415,CalAtlantic Group,CalAtlantic Group,CalAtlantic Group,416,Dr Pepper Snapple Group,Dr Pepper Snapple Group,Dr Pepper Snapple Group,417,Dillard's,Dillard's,Dillard's,418,HRG Group,HRG Group,HRG Group,419,CMS Energy,CMS Energy,CMS Energy,420,Graybar Electric,Graybar Electric,Graybar Electric,421,Builders FirstSource,Builders FirstSource,Builders FirstSource,422,Yum Brands,Yum Brands,Yum Brands,423,Casey's General Stores,Casey's General Stores,Casey's General Stores,424,Amphenol,Amphenol,Amphenol,425,Oshkosh,Oshkosh,Oshkosh,426,iHeartMedia,iHeartMedia,iHeartMedia,427,TreeHouse Foods,TreeHouse Foods,TreeHouse Foods,428,Alleghany,Alleghany,Alleghany,429,Expeditors International of Washington,Expeditors International of Washington,Expeditors International of Washington,430,Avery Dennison,Avery Dennison,Avery Dennison,431,Ameren,Ameren,Ameren,432,Hanesbrands,Hanesbrands,Hanesbrands,433,Motorola Solutions,Motorola Solutions,Motorola Solutions,434,St. Jude Medical,St. Jude Medical,St. Jude Medical,435,Harley-Davidson,Harley-Davidson,Harley-Davidson,436,Regions Financial,Regions Financial,Regions Financial,437,Intercontinental Exchange,Intercontinental Exchange,Intercontinental Exchange,438,Alaska Air Group,Alaska Air Group,Alaska Air Group,439,Old Republic International,Old Republic International,Old Republic International,440,Lam Research,Lam Research,Lam Research,441,AK Steel Holding,AK Steel Holding,AK Steel Holding,442,Rockwell Automation,Rockwell Automation,Rockwell Automation,443,Adobe Systems,Adobe Systems,Adobe Systems,444,Avon Products,Avon Products,Avon Products,445,Terex,Terex,Terex,446,NVR,NVR,NVR,447,Dana,Dana,Dana,448,Realogy Holdings,Realogy Holdings,Realogy Holdings,449,American Tower,American Tower,American Tower,450,Packaging Corp. of America,Packaging Corp. of America,Packaging Corp. of America,451,Citizens Financial Group,Citizens Financial Group,Citizens Financial Group,452,United Rentals,United Rentals,United Rentals,453,Clorox,Clorox,Clorox,454,Genesis Healthcare,Genesis Healthcare,Genesis Healthcare,455,M&T Bank Corp.,M&T Bank Corp.,M&T Bank Corp.,456,Ingredion,Ingredion,Ingredion,457,UGI,UGI,UGI,458,Owens Corning,Owens Corning,Owens Corning,459,S&P Global,S&P Global,S&P Global,460,Markel,Markel,Markel,461,Wyndham Worldwide,Wyndham Worldwide,Wyndham Worldwide,462,Arthur J. Gallagher,Arthur J. Gallagher,Arthur J. Gallagher,463,Burlington Stores,Burlington Stores,Burlington Stores,464,First American Financial,First American Financial,First American Financial,465,Symantec,Symantec,Symantec,466,Patterson,Patterson,Patterson,467,Olin,Olin,Olin,468,NetApp,NetApp,NetApp,469,Raymond James Financial,Raymond James Financial,Raymond James Financial,470,TravelCenters of America,TravelCenters of America,TravelCenters of America,471,Fiserv,Fiserv,Fiserv,472,Host Hotels & Resorts,Host Hotels & Resorts,Host Hotels & Resorts,473,Insight Enterprises,Insight Enterprises,Insight Enterprises,474,Mattel,Mattel,Mattel,475,AmTrust Financial Services,AmTrust Financial Services,AmTrust Financial Services,476,Cincinnati Financial,Cincinnati Financial,Cincinnati Financial,477,Simon Property Group,Simon Property Group,Simon Property Group,478,Western Union,Western Union,Western Union,479,KeyCorp,KeyCorp,KeyCorp,480,Delek US Holdings,Delek US Holdings,Delek US Holdings,481,Booz Allen Hamilton Holding,Booz Allen Hamilton Holding,Booz Allen Hamilton Holding,482,Chemours,Chemours,Chemours,483,Western & Southern Financial Group,Western & Southern Financial Group,Western & Southern Financial Group,484,Celanese,Celanese,Celanese,485,Windstream Holdings,Windstream Holdings,Windstream Holdings,486,Seaboard,Seaboard,Seaboard,487,Essendant,Essendant,Essendant,488,Apache,Apache,Apache,489,Airgas,Airgas,Airgas,490,Kelly Services,Kelly Services,Kelly Services,491,Liberty Media,Liberty Media,Liberty Media,492,Rockwell Collins,Rockwell Collins,Rockwell Collins,493,Robert Half International,Robert Half International,Robert Half International,494,CH2M Hill,CH2M Hill,CH2M Hill,495,Big Lots,Big Lots,Big Lots,496,Michaels Cos.,Michaels Cos.,Michaels Cos.,497,Toll Brothers,Toll Brothers,Toll Brothers,498,Yahoo,Yahoo,Yahoo,499,Vistra Energy,Vistra Energy,Vistra Energy,500,ABM Industries,ABM Industries,ABM Industries,501,Northern Trust,Northern Trust,Northern Trust,502,MasTec,MasTec,MasTec,503,Blackstone Group,Blackstone Group,Blackstone Group,504,Telephone & Data Systems,Telephone & Data Systems,Telephone & Data Systems,505,Domtar,Domtar,Domtar,506,Williams-Sonoma,Williams-Sonoma,Williams-Sonoma,507,Westlake Chemical,Westlake Chemical,Westlake Chemical,508,Post Holdings,Post Holdings,Post Holdings,509,Hasbro,Hasbro,Hasbro,510,Juniper Networks,Juniper Networks,Juniper Networks,511,Fortune Brands Home & Security,Fortune Brands Home & Security,Fortune Brands Home & Security,512,Brookdale Senior Living,Brookdale Senior Living,Brookdale Senior Living,513,Tutor Perini,Tutor Perini,Tutor Perini,514,Navient,Navient,Navient,515,Neiman Marcus Group,Neiman Marcus Group,Neiman Marcus Group,516,Ashland Global Holdings,Ashland Global Holdings,Ashland Global Holdings,517,Hanover Insurance Group,Hanover Insurance Group,Hanover Insurance Group,518,CommScope Holding,CommScope Holding,CommScope Holding,519,Spectra Energy,Spectra Energy,Spectra Energy,520,Cintas,Cintas,Cintas,521,Zoetis,Zoetis,Zoetis,522,Molson Coors Brewing,Molson Coors Brewing,Molson Coors Brewing,523,Regeneron Pharmaceuticals,Regeneron Pharmaceuticals,Regeneron Pharmaceuticals,524,Ulta Beauty,Ulta Beauty,Ulta Beauty,525,Hess,Hess,Hess,526,Magellan Health,Magellan Health,Magellan Health,527,Intuit,Intuit,Intuit,528,Under Armour,Under Armour,Under Armour,529,RPM International,RPM International,RPM International,530,Cerner,Cerner,Cerner,531,Sonoco Products,Sonoco Products,Sonoco Products,532,Securian Financial Group,Securian Financial Group,Securian Financial Group,533,Peabody Energy,Peabody Energy,Peabody Energy,534,YRC Worldwide,YRC Worldwide,YRC Worldwide,535,Commercial Metals,Commercial Metals,Commercial Metals,536,Marathon Oil,Marathon Oil,Marathon Oil,537,Polaris Industries,Polaris Industries,Polaris Industries,538,Envision Healthcare,Envision Healthcare,Envision Healthcare,539,Trinity Industries,Trinity Industries,Trinity Industries,540,Thor Industries,Thor Industries,Thor Industries,541,Caesars Entertainment,Caesars Entertainment,Caesars Entertainment,542,Levi Strauss,Levi Strauss,Levi Strauss,543,FMC Technologies,FMC Technologies,FMC Technologies,544,VWR,VWR,VWR,545,NiSource,NiSource,NiSource,546,Coach,Coach,Coach,547,Brunswick,Brunswick,Brunswick,548,Wynn Resorts,Wynn Resorts,Wynn Resorts,549,Orbital ATK,Orbital ATK,Orbital ATK,550,CIT Group,CIT Group,CIT Group,551,Science Applications International,Science Applications International,Science Applications International,552,Hyatt Hotels,Hyatt Hotels,Hyatt Hotels,553,McCormick,McCormick,McCormick,554,Diplomat Pharmacy,Diplomat Pharmacy,Diplomat Pharmacy,555,Barnes & Noble,Barnes & Noble,Barnes & Noble,556,Electronic Arts,Electronic Arts,Electronic Arts,557,FM Global,FM Global,FM Global,558,Coty,Coty,Coty,559,Smart & Final Stores,Smart & Final Stores,Smart & Final Stores,560,Quad/Graphics,Quad/Graphics,Quad/Graphics,561,Dynegy,Dynegy,Dynegy,562,Graphic Packaging Holding,Graphic Packaging Holding,Graphic Packaging Holding,563,Select Medical Holdings,Select Medical Holdings,Select Medical Holdings,564,Welltower,Welltower,Welltower,565,Advanced Micro Devices,Advanced Micro Devices,Advanced Micro Devices,566,USG,USG,USG,567,KBR,KBR,KBR,568,Bloomin' Brands,Bloomin' Brands,Bloomin' Brands,569,MDU Resources Group,MDU Resources Group,MDU Resources Group,570,CSRA,CSRA,CSRA,571,Laureate Education,Laureate Education,Laureate Education,572,SCANA,SCANA,SCANA,573,T. Rowe Price,T. Rowe Price,T. Rowe Price,574,Watsco,Watsco,Watsco,575,Rush Enterprises,Rush Enterprises,Rush Enterprises,576,Agilent Technologies,Agilent Technologies,Agilent Technologies,577,WhiteWave Foods,WhiteWave Foods,WhiteWave Foods,578,Valspar,Valspar,Valspar,579,Total System Services,Total System Services,Total System Services,580,Torchmark,Torchmark,Torchmark,581,Cabela's,Cabela's,Cabela's,582,Beacon Roofing Supply,Beacon Roofing Supply,Beacon Roofing Supply,583,CA,CA,CA,584,LPL Financial Holdings,LPL Financial Holdings,LPL Financial Holdings,585,Sprouts Farmers Market,Sprouts Farmers Market,Sprouts Farmers Market,586,Swift Transportation,Swift Transportation,Swift Transportation,587,Bemis,Bemis,Bemis,588,Tiffany,Tiffany,Tiffany,589,Flowserve,Flowserve,Flowserve,590,CNO Financial Group,CNO Financial Group,CNO Financial Group,591,Fastenal,Fastenal,Fastenal,592,Sally Beauty Holdings,Sally Beauty Holdings,Sally Beauty Holdings,593,American Axle & Manufacturing,American Axle & Manufacturing,American Axle & Manufacturing,594,Flowers Foods,Flowers Foods,Flowers Foods,595,Andersons,Andersons,Andersons,596,Crown Castle International,Crown Castle International,Crown Castle International,597,Boise Cascade,Boise Cascade,Boise Cascade,598,ON Semiconductor,ON Semiconductor,ON Semiconductor,599,Chipotle Mexican Grill,Chipotle Mexican Grill,Chipotle Mexican Grill,600,Amkor Technology,Amkor Technology,Amkor Technology,601,Triumph Group,Triumph Group,Triumph Group,602,OneMain Holdings,OneMain Holdings,OneMain Holdings,603,General Cable,General Cable,General Cable,604,Ametek,Ametek,Ametek,605,Alon USA Energy,Alon USA Energy,Alon USA Energy,606,Pioneer Natural Resources,Pioneer Natural Resources,Pioneer Natural Resources,607,Martin Marietta Materials,Martin Marietta Materials,Martin Marietta Materials,608,Ingles Markets,Ingles Markets,Ingles Markets,609,Roper Technologies,Roper Technologies,Roper Technologies,610,Huntington Bancshares,Huntington Bancshares,Huntington Bancshares,611,Xylem,Xylem,Xylem,612,Unified Grocers,Unified Grocers,Unified Grocers,613,Leggett & Platt,Leggett & Platt,Leggett & Platt,614,Dentsply Sirona,Dentsply Sirona,Dentsply Sirona,615,CACI International,CACI International,CACI International,616,Mead Johnson Nutrition,Mead Johnson Nutrition,Mead Johnson Nutrition,617,C.R. Bard,C.R. Bard,C.R. Bard,618,Snap-on,Snap-on,Snap-on,619,HealthSouth,HealthSouth,HealthSouth,620,Nasdaq,Nasdaq,Nasdaq,621,Avaya,Avaya,Avaya,622,CF Industries Holdings,CF Industries Holdings,CF Industries Holdings,623,Carlisle,Carlisle,Carlisle,624,Equinix,Equinix,Equinix,625,LSC Communications,LSC Communications,LSC Communications,626,Colfax,Colfax,Colfax,627,Lennox International,Lennox International,Lennox International,628,Iasis Healthcare,Iasis Healthcare,Iasis Healthcare,629,Silgan Holdings,Silgan Holdings,Silgan Holdings,630,American Eagle Outfitters,American Eagle Outfitters,American Eagle Outfitters,631,Moody's,Moody's,Moody's,632,Calumet Specialty Products Partners,Calumet Specialty Products Partners,Calumet Specialty Products Partners,633,CME Group,CME Group,CME Group,634,KB Home,KB Home,KB Home,635,Vulcan Materials,Vulcan Materials,Vulcan Materials,636,Platform Specialty Products,Platform Specialty Products,Platform Specialty Products,637,Vantiv,Vantiv,Vantiv,638,Skechers U.S.A.,Skechers U.S.A.,Skechers U.S.A.,639,Zebra Technologies,Zebra Technologies,Zebra Technologies,640,Hub Group,Hub Group,Hub Group,641,HSN,HSN,HSN,642,Stericycle,Stericycle,Stericycle,643,National General Holdings,National General Holdings,National General Holdings,644,Taylor Morrison Home,Taylor Morrison Home,Taylor Morrison Home,645,Urban Outfitters,Urban Outfitters,Urban Outfitters,646,Resolute Forest Products,Resolute Forest Products,Resolute Forest Products,647,ScanSource,ScanSource,ScanSource,648,Camping World Holdings,Camping World Holdings,Camping World Holdings,649,Iron Mountain,Iron Mountain,Iron Mountain,650,Hubbell,Hubbell,Hubbell,651,Pinnacle West Capital,Pinnacle West Capital,Pinnacle West Capital,652,Church & Dwight,Church & Dwight,Church & Dwight,653,Noble Energy,Noble Energy,Noble Energy,654,Albemarle,Albemarle,Albemarle,655,Cooper-Standard Holdings,Cooper-Standard Holdings,Cooper-Standard Holdings,656,KKR,KKR,KKR,657,Country Financial,Country Financial,Country Financial,658,Ventas,Ventas,Ventas,659,Hexion,Hexion,Hexion,660,Analog Devices,Analog Devices,Analog Devices,661,Citrix Systems,Citrix Systems,Citrix Systems,662,Green Plains,Green Plains,Green Plains,663,Pitney Bowes,Pitney Bowes,Pitney Bowes,664,Scripps Networks Interactive,Scripps Networks Interactive,Scripps Networks Interactive,665,Darling Ingredients,Darling Ingredients,Darling Ingredients,666,Wayfair,Wayfair,Wayfair,667,Tailored Brands,Tailored Brands,Tailored Brands,668,Sabre,Sabre,Sabre,669,Global Payments,Global Payments,Global Payments,670,Atmos Energy,Atmos Energy,Atmos Energy,671,TEGNA,TEGNA,TEGNA,672,Diebold Nixdorf,Diebold Nixdorf,Diebold Nixdorf,673,PolyOne,PolyOne,PolyOne,674,TD Ameritrade Holding,TD Ameritrade Holding,TD Ameritrade Holding,675,Abercrombie & Fitch,Abercrombie & Fitch,Abercrombie & Fitch,676,Greif,Greif,Greif,677,Alliant Energy,Alliant Energy,Alliant Energy,678,American Water Works,American Water Works,American Water Works,679,Acuity Brands,Acuity Brands,Acuity Brands,680,Skyworks Solutions,Skyworks Solutions,Skyworks Solutions,681,FMC,FMC,FMC,682,Amerco,Amerco,Amerco,683,CUNA Mutual Group,CUNA Mutual Group,CUNA Mutual Group,684,Brinker International,Brinker International,Brinker International,685,Buckeye Partners,Buckeye Partners,Buckeye Partners,686,Warner Music Group,Warner Music Group,Warner Music Group,687,Universal Forest Products,Universal Forest Products,Universal Forest Products,688,American National Insurance,American National Insurance,American National Insurance,689,Mercury General,Mercury General,Mercury General,690,Regal Beloit,Regal Beloit,Regal Beloit,691,Varian Medical Systems,Varian Medical Systems,Varian Medical Systems,692,Aaron's,Aaron's,Aaron's,693,Visteon,Visteon,Visteon,694,Carter's,Carter's,Carter's,695,Meritor,Meritor,Meritor,696,Regal Entertainment Group,Regal Entertainment Group,Regal Entertainment Group,697,Mednax,Mednax,Mednax,698,TransDigm Group,TransDigm Group,TransDigm Group,699,Landstar System,Landstar System,Landstar System,700,Puget Energy,Puget Energy,Puget Energy,701,Coca-Cola Bottling,Coca-Cola Bottling,Coca-Cola Bottling,702,Kar Auction Services,Kar Auction Services,Kar Auction Services,703,Equifax,Equifax,Equifax,704,Groupon,Groupon,Groupon,705,IAC/InterActiveCorp,IAC/InterActiveCorp,IAC/InterActiveCorp,706,Weis Markets,Weis Markets,Weis Markets,707,Allegheny Technologies,Allegheny Technologies,Allegheny Technologies,708,Pinnacle Foods,Pinnacle Foods,Pinnacle Foods,709,Tempur Sealy International,Tempur Sealy International,Tempur Sealy International,710,SkyWest,SkyWest,SkyWest,711,International Flavors & Fragrances,International Flavors & Fragrances,International Flavors & Fragrances,712,BMC Stock Holdings,BMC Stock Holdings,BMC Stock Holdings,713,Brown-Forman,Brown-Forman,Brown-Forman,714,Alexion Pharmaceuticals,Alexion Pharmaceuticals,Alexion Pharmaceuticals,715,KapStone Paper & Packaging,KapStone Paper & Packaging,KapStone Paper & Packaging,716,Time,Time,Time,717,TriNet Group,TriNet Group,TriNet Group,718,Steelcase,Steelcase,Steelcase,719,EchoStar,EchoStar,EchoStar,720,Sentry Insurance Group,Sentry Insurance Group,Sentry Insurance Group,721,Monster Beverage,Monster Beverage,Monster Beverage,722,Gannett,Gannett,Gannett,723,Fossil Group,Fossil Group,Fossil Group,724,Univision Communications,Univision Communications,Univision Communications,725,Meritage Homes,Meritage Homes,Meritage Homes,726,MRC Global,MRC Global,MRC Global,727,H&R Block,H&R Block,H&R Block,728,Penn National Gaming,Penn National Gaming,Penn National Gaming,729,Service Corp. International,Service Corp. International,Service Corp. International,730,Brink's,Brink's,Brink's,731,Old Dominion Freight Line,Old Dominion Freight Line,Old Dominion Freight Line,732,Triple-S Management,Triple-S Management,Triple-S Management,733,KLA-Tencor,KLA-Tencor,KLA-Tencor,734,Edwards Lifesciences,Edwards Lifesciences,Edwards Lifesciences,735,Rent-A-Center,Rent-A-Center,Rent-A-Center,736,Comerica,Comerica,Comerica,737,Paychex,Paychex,Paychex,738,First Solar,First Solar,First Solar,739,Insperity,Insperity,Insperity,740,Scotts Miracle-Gro,Scotts Miracle-Gro,Scotts Miracle-Gro,741,B/E Aerospace,B/E Aerospace,B/E Aerospace,742,Westinghouse Air Brake Technologies,Westinghouse Air Brake Technologies,Westinghouse Air Brake Technologies,743,Cooper Tire & Rubber,Cooper Tire & Rubber,Cooper Tire & Rubber,744,Cinemark Holdings,Cinemark Holdings,Cinemark Holdings,745,Keysight Technologies,Keysight Technologies,Keysight Technologies,746,Convergys,Convergys,Convergys,747,Cracker Barrel Old Country Store,Cracker Barrel Old Country Store,Cracker Barrel Old Country Store,748,PriceSmart,PriceSmart,PriceSmart,749,Broadridge Financial Solutions,Broadridge Financial Solutions,Broadridge Financial Solutions,750,Scientific Games,Scientific Games,Scientific Games,751,Genesco,Genesco,Genesco,752,MSC Industrial Direct,MSC Industrial Direct,MSC Industrial Direct,753,Ryerson Holding,Ryerson Holding,Ryerson Holding,754,Acadia Healthcare,Acadia Healthcare,Acadia Healthcare,755,Hologic,Hologic,Hologic,756,Unisys,Unisys,Unisys,757,Worthington Industries,Worthington Industries,Worthington Industries,758,Sanderson Farms,Sanderson Farms,Sanderson Farms,759,WABCO Holdings,WABCO Holdings,WABCO Holdings,760,Panera Bread,Panera Bread,Panera Bread,761,Metaldyne Performance Group,Metaldyne Performance Group,Metaldyne Performance Group,762,Medical Mutual of Ohio,Medical Mutual of Ohio,Medical Mutual of Ohio,763,AMC Networks,AMC Networks,AMC Networks,764,Clean Harbors,Clean Harbors,Clean Harbors,765,Hovnanian Enterprises,Hovnanian Enterprises,Hovnanian Enterprises,766,TrueBlue,TrueBlue,TrueBlue,767,Crane,Crane,Crane,768,ServiceMaster Global Holdings,ServiceMaster Global Holdings,ServiceMaster Global Holdings,769,Sinclair Broadcast Group,Sinclair Broadcast Group,Sinclair Broadcast Group,770,Mutual of America Life Insurance,Mutual of America Life Insurance,Mutual of America Life Insurance,771,BGC Partners,BGC Partners,BGC Partners,772,DSW,DSW,DSW,773,Intuitive Surgical,Intuitive Surgical,Intuitive Surgical,774,ArcBest,ArcBest,ArcBest,775,PC Connection,PC Connection,PC Connection,776,A.O. Smith,A.O. Smith,A.O. Smith,777,Greenbrier Cos.,Greenbrier Cos.,Greenbrier Cos.,778,Great Plains Energy,Great Plains Energy,Great Plains Energy,779,Bon-Ton Stores,Bon-Ton Stores,Bon-Ton Stores,780,Dycom Industries,Dycom Industries,Dycom Industries,781,Timken,Timken,Timken,782,Aleris,Aleris,Aleris,783,Legg Mason,Legg Mason,Legg Mason,784,Hill-Rom Holdings,Hill-Rom Holdings,Hill-Rom Holdings,785,Stifel Financial,Stifel Financial,Stifel Financial,786,Verso,Verso,Verso,787,Qorvo,Qorvo,Qorvo,788,Ciena,Ciena,Ciena,789,Tetra Tech,Tetra Tech,Tetra Tech,790,Caleres,Caleres,Caleres,791,Pool,Pool,Pool,792,Hyster-Yale Materials Handling,Hyster-Yale Materials Handling,Hyster-Yale Materials Handling,793,Westar Energy,Westar Energy,Westar Energy,794,Public Storage,Public Storage,Public Storage,795,Plexus,Plexus,Plexus,796,Boston Properties,Boston Properties,Boston Properties,797,GNC Holdings,GNC Holdings,GNC Holdings,798,HCP,HCP,HCP,799,Penn Mutual Life Insurance,Penn Mutual Life Insurance,Penn Mutual Life Insurance,800,TTM Technologies,TTM Technologies,TTM Technologies,801,Prologis,Prologis,Prologis,802,Twitter,Twitter,Twitter,803,Kemper,Kemper,Kemper,804,Valmont Industries,Valmont Industries,Valmont Industries,805,Crestwood Equity Partners,Crestwood Equity Partners,Crestwood Equity Partners,806,Applied Industrial Technologies,Applied Industrial Technologies,Applied Industrial Technologies,807,VCA,VCA,VCA,808,Granite Construction,Granite Construction,Granite Construction,809,Vornado Realty Trust,Vornado Realty Trust,Vornado Realty Trust,810,Mettler-Toledo International,Mettler-Toledo International,Mettler-Toledo International,811,A. Schulman,A. Schulman,A. Schulman,812,Wolverine World Wide,Wolverine World Wide,Wolverine World Wide,813,Graham Holdings,Graham Holdings,Graham Holdings,814,Chico's FAS,Chico's FAS,Chico's FAS,815,Domino's Pizza,Domino's Pizza,Domino's Pizza,816,Zions Bancorp.,Zions Bancorp.,Zions Bancorp.,817,Southwest Gas Holdings,Southwest Gas Holdings,Southwest Gas Holdings,818,Tops Holding,Tops Holding,Tops Holding,819,Hawaiian Holdings,Hawaiian Holdings,Hawaiian Holdings,820,Vectren,Vectren,Vectren,821,Gartner,Gartner,Gartner,822,On Assignment,On Assignment,On Assignment,823,Southwestern Energy,Southwestern Energy,Southwestern Energy,824,Parexel International,Parexel International,Parexel International,825,Equity Residential,Equity Residential,Equity Residential,826,J.Crew Group,J.Crew Group,J.Crew Group,827,Synopsys,Synopsys,Synopsys,828,Moog,Moog,Moog,829,Cabot,Cabot,Cabot,830,ITT,ITT,ITT,831,TRI Pointe Group,TRI Pointe Group,TRI Pointe Group,832,Maximus,Maximus,Maximus,833,Illumina,Illumina,Illumina,834,Amica Mutual Insurance,Amica Mutual Insurance,Amica Mutual Insurance,835,Alere,Alere,Alere,836,Toro,Toro,Toro,837,Sprague Resources,Sprague Resources,Sprague Resources,838,G-III Apparel Group,G-III Apparel Group,G-III Apparel Group,839,Hawaiian Electric Industries,Hawaiian Electric Industries,Hawaiian Electric Industries,840,Pinnacle Entertainment,Pinnacle Entertainment,Pinnacle Entertainment,841,Columbia Sportswear,Columbia Sportswear,Columbia Sportswear,842,First Republic Bank,First Republic Bank,First Republic Bank,843,Komatsu Mining,Komatsu Mining,Komatsu Mining,844,Trimble,Trimble,Trimble,845,Edgewell Personal Care,Edgewell Personal Care,Edgewell Personal Care,846,Belden,Belden,Belden,847,DST Systems,DST Systems,DST Systems,848,WGL Holdings,WGL Holdings,WGL Holdings,849,GGP,GGP,GGP,850,Brocade Communications Systems,Brocade Communications Systems,Brocade Communications Systems,851,Akamai Technologies,Akamai Technologies,Akamai Technologies,852,Nationstar Mortgage Holdings,Nationstar Mortgage Holdings,Nationstar Mortgage Holdings,853,Annaly Capital Management,Annaly Capital Management,Annaly Capital Management,854,Kansas City Southern,Kansas City Southern,Kansas City Southern,855,Revlon,Revlon,Revlon,856,AptarGroup,AptarGroup,AptarGroup,857,MDC Holdings,MDC Holdings,MDC Holdings,858,Vishay Intertechnology,Vishay Intertechnology,Vishay Intertechnology,859,Teradata,Teradata,Teradata,860,Spirit Airlines,Spirit Airlines,Spirit Airlines,861,EnerSys,EnerSys,EnerSys,862,Snyder's-Lance,Snyder's-Lance,Snyder's-Lance,863,Benchmark Electronics,Benchmark Electronics,Benchmark Electronics,864,West,West,West,865,Selective Insurance Group,Selective Insurance Group,Selective Insurance Group,866,Party City Holdco,Party City Holdco,Party City Holdco,867,Cheesecake Factory,Cheesecake Factory,Cheesecake Factory,868,Lincoln Electric Holdings,Lincoln Electric Holdings,Lincoln Electric Holdings,869,Carlyle Group,Carlyle Group,Carlyle Group,870,Enable Midstream Partners,Enable Midstream Partners,Enable Midstream Partners,871,Oceaneering International,Oceaneering International,Oceaneering International,872,Vista Outdoor,Vista Outdoor,Vista Outdoor,873,Middleby,Middleby,Middleby,874,Herman Miller,Herman Miller,Herman Miller,875,PerkinElmer,PerkinElmer,PerkinElmer,876,OGE Energy,OGE Energy,OGE Energy,877,PCM,PCM,PCM,878,Louisiana-Pacific,Louisiana-Pacific,Louisiana-Pacific,879,MPM Holdings,MPM Holdings,MPM Holdings,880,Knights of Columbus,Knights of Columbus,Knights of Columbus,881,Apollo Global Management,Apollo Global Management,Apollo Global Management,882,Donaldson,Donaldson,Donaldson,883,American Equity Investment Life Holding,American Equity Investment Life Holding,American Equity Investment Life Holding,884,Super Micro Computer,Super Micro Computer,Super Micro Computer,885,Xilinx,Xilinx,Xilinx,886,Tupperware Brands,Tupperware Brands,Tupperware Brands,887,Guess,Guess,Guess,888,Nu Skin Enterprises,Nu Skin Enterprises,Nu Skin Enterprises,889,Magellan Midstream Partners,Magellan Midstream Partners,Magellan Midstream Partners,890,HNI,HNI,HNI,891,Maxim Integrated Products,Maxim Integrated Products,Maxim Integrated Products,892,Affiliated Managers Group,Affiliated Managers Group,Affiliated Managers Group,893,Express,Express,Express,894,Boyd Gaming,Boyd Gaming,Boyd Gaming,895,GEO Group,GEO Group,GEO Group,896,Tribune Media,Tribune Media,Tribune Media,897,Microchip Technology,Microchip Technology,Microchip Technology,898,Fitbit,Fitbit,Fitbit,899,Waters,Waters,Waters,900,Teledyne Technologies,Teledyne Technologies,Teledyne Technologies,901,Digital Realty Trust,Digital Realty Trust,Digital Realty Trust,902,RH,RH,RH,903,Fred's,Fred's,Fred's,904,Universal,Universal,Universal,905,CDK Global,CDK Global,CDK Global,906,IDEX,IDEX,IDEX,907,Cliffs Natural Resources,Cliffs Natural Resources,Cliffs Natural Resources,908,Curtiss-Wright,Curtiss-Wright,Curtiss-Wright,909,Verisk Analytics,Verisk Analytics,Verisk Analytics,910,NOW,NOW,NOW,911,Apollo Education Group,Apollo Education Group,Apollo Education Group,912,Kennametal,Kennametal,Kennametal,913,H.B. Fuller,H.B. Fuller,H.B. Fuller,914,PharMerica,PharMerica,PharMerica,915,Engility Holdings,Engility Holdings,Engility Holdings,916,Sears Hometown & Outlet Stores,Sears Hometown & Outlet Stores,Sears Hometown & Outlet Stores,917,Bio-Rad Laboratories,Bio-Rad Laboratories,Bio-Rad Laboratories,918,Federated Mutual Insurance,Federated Mutual Insurance,Federated Mutual Insurance,919,Mueller Industries,Mueller Industries,Mueller Industries,920,Red Hat,Red Hat,Red Hat,921,NewMarket,NewMarket,NewMarket,922,Hospitality Properties Trust,Hospitality Properties Trust,Hospitality Properties Trust,923,AvalonBay Communities,AvalonBay Communities,AvalonBay Communities,924,Renewable Energy Group,Renewable Energy Group,Renewable Energy Group,925,Consol Energy,Consol Energy,Consol Energy,926,Ferrellgas Partners,Ferrellgas Partners,Ferrellgas Partners,927,Tower International,Tower International,Tower International,928,Autodesk,Autodesk,Autodesk,929,99 Cents Only Stores,99 Cents Only Stores,99 Cents Only Stores,930,E*Trade Financial,E*Trade Financial,E*Trade Financial,931,Woodward,Woodward,Woodward,932,Esterline Technologies,Esterline Technologies,Esterline Technologies,933,Itron,Itron,Itron,934,Werner Enterprises,Werner Enterprises,Werner Enterprises,935,Stewart Information Services,Stewart Information Services,Stewart Information Services,936,Hexcel,Hexcel,Hexcel,937,Genesee & Wyoming,Genesee & Wyoming,Genesee & Wyoming,938,Primoris Services,Primoris Services,Primoris Services,939,SPX FLOW,SPX FLOW,SPX FLOW,940,F5 Networks,F5 Networks,F5 Networks,941,VeriFone Systems,VeriFone Systems,VeriFone Systems,942,Texas Roadhouse,Texas Roadhouse,Texas Roadhouse,943,NLV Financial,NLV Financial,NLV Financial,944,Buffalo Wild Wings,Buffalo Wild Wings,Buffalo Wild Wings,945,Continental Resources,Continental Resources,Continental Resources,946,Arch Coal,Arch Coal,Arch Coal,947,Roadrunner Transportation Systems,Roadrunner Transportation Systems,Roadrunner Transportation Systems,948,Cooper Cos.,Cooper Cos.,Cooper Cos.,949,hhgregg,hhgregg,hhgregg,950,Euronet Worldwide,Euronet Worldwide,Euronet Worldwide,951,Griffon,Griffon,Griffon,952,CoreLogic,CoreLogic,CoreLogic,953,Nuance Communications,Nuance Communications,Nuance Communications,954,Matson,Matson,Matson,955,Popular,Popular,Popular,956,Alliance Holdings,Alliance Holdings,Alliance Holdings,957,REV Group,REV Group,REV Group,958,Rexnord,Rexnord,Rexnord,959,Cypress Semiconductor,Cypress Semiconductor,Cypress Semiconductor,960,Portland General Electric,Portland General Electric,Portland General Electric,961,Ply Gem Holdings,Ply Gem Holdings,Ply Gem Holdings,962,Cal-Maine Foods,Cal-Maine Foods,Cal-Maine Foods,963,Alliance One International,Alliance One International,Alliance One International,964,AMN Healthcare Services,AMN Healthcare Services,AMN Healthcare Services,965,American Greetings,American Greetings,American Greetings,966,Blackhawk Network Holdings,Blackhawk Network Holdings,Blackhawk Network Holdings,967,Pier 1 Imports,Pier 1 Imports,Pier 1 Imports,968,Finish Line,Finish Line,Finish Line,969,BlueLinx Holdings,BlueLinx Holdings,BlueLinx Holdings,970,New Jersey Resources,New Jersey Resources,New Jersey Resources,971,Deckers Outdoor,Deckers Outdoor,Deckers Outdoor,972,Murphy Oil,Murphy Oil,Murphy Oil,973,Teleflex,Teleflex,Teleflex,974,Par Pacific Holdings,Par Pacific Holdings,Par Pacific Holdings,975,SL Green Realty,SL Green Realty,SL Green Realty,976,GMS,GMS,GMS,977,CoreCivic,CoreCivic,CoreCivic,978,Deluxe,Deluxe,Deluxe,979,Catalent,Catalent,Catalent,980,GoDaddy,GoDaddy,GoDaddy,981,Wabash National,Wabash National,Wabash National,982,Adtalem Global Education,Adtalem Global Education,Adtalem Global Education,983,United Refining,United Refining,United Refining,984,Allison Transmission Holdings,Allison Transmission Holdings,Allison Transmission Holdings,985,Atlas Air Worldwide Holdings,Atlas Air Worldwide Holdings,Atlas Air Worldwide Holdings,986,ResMed,ResMed,ResMed,987,Delta Tucker Holdings,Delta Tucker Holdings,Delta Tucker Holdings,988,FleetCor Technologies,FleetCor Technologies,FleetCor Technologies,989,Central Garden & Pet,Central Garden & Pet,Central Garden & Pet,990,Beazer Homes USA,Beazer Homes USA,Beazer Homes USA,991,New York Community Bancorp,New York Community Bancorp,New York Community Bancorp,992,Cadence Design Systems,Cadence Design Systems,Cadence Design Systems,993,Carpenter Technology,Carpenter Technology,Carpenter Technology,994,Marriott Vacations Worldwide,Marriott Vacations Worldwide,Marriott Vacations Worldwide,995,FTI Consulting,FTI Consulting,FTI Consulting,996,Nordson,Nordson,Nordson,997,Briggs & Stratton,Briggs & Stratton,Briggs & Stratton,998,Kaman,Kaman,Kaman,999,Overstock.com,Overstock.com,Overstock.com,1000,Regis,Regis,Regis,